{
  "country": [
    {
      "name": "Albania",
      "lowMaps": "albaniaLow",
      "highMaps": "albaniaHigh"
    },
    {
      "name": "Algeria",
      "lowMaps": "algeriaLow",
      "highMaps": "algeriaHigh"
    },
    {
      "name": "Andorra",
      "lowMaps": "andorraLow",
      "highMaps": "andorraHigh"
    },
    {
      "name": "Angola",
      "lowMaps": "angolaLow",
      "highMaps": "angolaHigh"
    },
    {
      "name": "Argentina",
      "lowMaps": "argentinaLow",
      "highMaps": "argentinaHigh"
    },
    {
      "name": "Armenia",
      "lowMaps": "armeniaLow",
      "highMaps": "armeniaHigh"
    },
    {
      "name": "Australia",
      "lowMaps": "australiaLow",
      "highMaps": "australiaHigh"
    },
    {
      "name": "Austria",
      "lowMaps": "austriaLow",
      "highMaps": "austriaHigh"
    },
    {
      "name": "Azerbaijan",
      "lowMaps": "azerbaijanLow",
      "highMaps": "azerbaijanHigh"
    },
    {
      "name": "Bahrain",
      "lowMaps": "bahrainLow",
      "highMaps": "bahrainHigh"
    },
    {
      "name": "Bangladesh",
      "lowMaps": "bangladeshLow",
      "highMaps": "bangladeshHigh"
    },
    {
      "name": "Belarus",
      "lowMaps": "belarusLow",
      "highMaps": "belarusHigh"
    },
    {
      "name": "Belgium",
      "lowMaps": "belgiumLow",
      "highMaps": "belgiumHigh"
    },
    {
      "name": "Belize",
      "lowMaps": "belizeLow",
      "highMaps": "belizeHigh"
    },
    {
      "name": "Bermuda",
      "lowMaps": "bermudaLow",
      "highMaps": "bermudaHigh"
    },
    {
      "name": "Bhutan",
      "lowMaps": "bhutanLow",
      "highMaps": "bhutanHigh"
    },
    {
      "name": "Bolivia",
      "lowMaps": "boliviaLow",
      "highMaps": "boliviaHigh"
    },
    {
      "name": "Bosnia Herzegovina Cantons",
      "lowMaps": "bosniaHerzegovinaCantonsLow",
      "highMaps": "bosniaHerzegovinaCantonsHigh"
    },
    {
      "name": "Botswana",
      "lowMaps": "botswanaLow",
      "highMaps": "botswanaHigh"
    },
    {
      "name": "Brazil",
      "lowMaps": "brazilLow",
      "highMaps": "brazilHigh"
    },
    {
      "name": "BruneiDarussalam",
      "lowMaps": "bruneiDarussalamLow",
      "highMaps": "bruneiDarussalamHigh"
    },
    {
      "name": "Bulgaria",
      "lowMaps": "bulgariaLow",
      "highMaps": "bulgariaHigh"
    },
    {
      "name": "BurkinaFaso",
      "lowMaps": "burkinaFasoLow",
      "highMaps": "burkinaFasoHigh"
    },
    {
      "name": "Burundi",
      "lowMaps": "burundiLow",
      "highMaps": "burundiHigh"
    },
    {
      "name": "Cambodia",
      "lowMaps": "cambodiaLow",
      "highMaps": "cambodiaHigh"
    },
    {
      "name": "Cameroon",
      "lowMaps": "cameroonLow",
      "highMaps": "cameroonHigh"
    },
    {
      "name": "Canada",
      "lowMaps": "canadaLow",
      "highMaps": "canadaHigh"
    },
    {
      "name": "Cananda",
      "lowMaps": "canandaLow",
      "highMaps": "canandaHigh"
    },
    {
      "name": "Cape Verde",
      "lowMaps": "capeVerdeLow",
      "highMaps": "capeVerdeHigh"
    },
    {
      "name": "Central African Republic",
      "lowMaps": "centralAfricanRepublicLow",
      "highMaps": "centralAfricanRepublicHigh"
    },
    {
      "name": "Chad",
      "lowMaps": "chadLow",
      "highMaps": "chadHigh"
    },
    {
      "name": "Channel Islands",
      "lowMaps": "channelIslandsLow",
      "highMaps": "channelIslandsHigh"
    },
    {
      "name": "Chile",
      "lowMaps": "chileLow",
      "highMaps": "chileHigh"
    },
    {
      "name": "China",
      "lowMaps": "chinaLow",
      "highMaps": "chinaHigh"
    },
    {
      "name": "Colombia",
      "lowMaps": "colombiaLow",
      "highMaps": "colombiaHigh"
    },
    {
      "name": "Colombia Muni",
      "lowMaps": "colombiaMuniLow",
      "highMaps": "colombiaMuniHigh"
    },
    {
      "name": "CongoDR",
      "lowMaps": "congoDRLow",
      "highMaps": "congoDRHigh"
    },
    {
      "name": "Congo",
      "lowMaps": "congoLow",
      "highMaps": "congoHigh"
    },
    {
      "name": "Continents",
      "lowMaps": "continentsLow",
      "highMaps": "continentsHigh"
    },
    {
      "name": "Continents Russia Asia",
      "lowMaps": "continentsRussiaAsiaLow",
      "highMaps": "continentsRussiaAsiaHigh",
      "ultraMaps": "continentsRussiaAsiaUltra"
    },
    {
      "name": "Continents Russia Europe",
      "lowMaps": "continentsRussiaEuropeLow",
      "highMaps": "continentsRussiaEuropeHigh",
      "ultraMaps": "continentsRussiaEuropeUltra"
    },
    {
      "name": "Continents ",
      "lowMaps": "continentsLow",
      "highMaps": "continentsHigh",
      "ultraMaps": "continentUltra"
    },
    {
      "name": "Costa Rica",
      "lowMaps": "costaRicaLow",
      "highMaps": "costaRicaHigh"
    },
    {
      "name": "Croatia",
      "lowMaps": "croatiaLow",
      "highMaps": "croatiaHigh"
    },
    {
      "name": "Cyprus",
      "lowMaps": "cyprusLow",
      "highMaps": "cyprusHigh"
    },
    {
      "name": "Czechia",
      "lowMaps": "czechiaLow",
      "highMaps": "czechiaHigh"
    },
    {
      "name": "Cyprus North CyprusHigh",
      "lowMaps": "cyprusNorthCyprusLow",
      "highMaps": "cyprusNorthCyprusHigh"
    },
    {
      "name": "Czech Republic",
      "lowMaps": "czechRepublicLow",
      "highMaps": "czechRepublicHigh"
    },
    {
      "name": "Denmark",
      "lowMaps": "denmarkLow",
      "highMaps": "denmarkHigh"
    },
    {
      "name": "Djibouti",
      "lowMaps": "djiboutiLow",
      "highMaps": "djiboutiHigh"
    },
    {
      "name": "Dominica ",
      "lowMaps": "dominicaLow",
      "highMaps": "dominicaHigh"
    },
    {
      "name": "Dominican Republic ",
      "lowMaps": "dominicanRepublicLow",
      "highMaps": "dominicanRepublicHigh"
    },
    {
      "name": "Dominican Republic Muni",
      "lowMaps": "dominicanRepublicMuniLow",
      "highMaps": "dominicanRepublicMuniHigh"
    },
    {
      "name": "Ecuador",
      "lowMaps": "ecuadorLow",
      "highMaps": "ecuadorHigh"
    },
    {
      "name": "Egypt",
      "lowMaps": "egyptLow",
      "highMaps": "egyptHigh"
    },
    {
      "name": "ElSalvador",
      "lowMaps": "elSalvadorLow",
      "highMaps": "elSalvadorHigh"
    },
    {
      "name": "Estonia",
      "lowMaps": "estoniaLow",
      "highMaps": "estoniaHigh"
    },
    {
      "name": "Eswatini",
      "lowMaps": "eswatiniLow",
      "highMaps": "eswatiniHigh"
    },
    {
      "name": "Faroe Islands",
      "lowMaps": "faroeIslandsLow",
      "highMaps": "faroeIslandsHigh"
    },
    {
      "name": "Fiji East",
      "lowMaps": "fijiEastLow",
      "highMaps": "fijiEastHigh"
    },
    {
      "name": "Fiji West",
      "lowMaps": "fijiWestLow",
      "highMaps": "fijiWestHigh"
    },
    {
      "name": "Finland",
      "lowMaps": "finlandLow",
      "highMaps": "finlandHigh"
    },
    {
      "name": "France Departments High",
      "lowMaps": "franceDepartmentsHigh",
      "highMaps": "franceDepartmentsLow"
    },
    {
      "name": "France",
      "lowMaps": "franceLow",
      "highMaps": "franceHigh"
    },
    {
      "name": "French Guiana",
      "lowMaps": "frenchGuianaLow",
      "highMaps": "frenchGuianaHigh"
    },
    {
      "name": "Georgia",
      "lowMaps": "georgiaLow",
      "highMaps": "georgiaHigh"
    },
    {
      "name": "Georgia South Ossetia High",
      "lowMaps": "georgiaSouthOssetiaLow",
      "highMaps": "georgiaSouthOssetiaHigh"
    },
    {
      "name": "Germany",
      "lowMaps": "germanyLow",
      "highMaps": "germanyHigh"
    },
    {
      "name": "Greece",
      "lowMaps": "greeceLow",
      "highMaps": "greeceHigh"
    },
    {
      "name": "Greenland",
      "lowMaps": "greenlandLow",
      "highMaps": "greenlandHigh"
    },
    {
      "name": "Guinea",
      "lowMaps": "guineaLow",
      "highMaps": "guineaHigh"
    },
    {
      "name": "Honduras",
      "lowMaps": "hondurasLow",
      "highMaps": "hondurasHigh"
    },
    {
      "name": "HongKong",
      "lowMaps": "hongKongLow",
      "highMaps": "hongKongHigh"
    },
    {
      "name": "Hungary",
      "lowMaps": "hungaryLow",
      "highMaps": "hungaryHigh"
    },
    {
      "name": "Iceland",
      "lowMaps": "icelandLow",
      "highMaps": "icelandHigh"
    },
    {
      "name": "India",
      "lowMaps": "indiaLow",
      "highMaps": "indiaHigh"
    },
    {
      "name": "Ireland",
      "lowMaps": "irelandLow",
      "highMaps": "irelandHigh"
    },
    {
      "name": "Israel",
      "lowMaps": "israelLow",
      "highMaps": "israelHigh"
    },
    {
      "name": "Israel Palestine",
      "lowMaps": "israelPalestineLow",
      "highMaps": "israelPalestineHigh"
    },
    {
      "name": "Italy",
      "lowMaps": "italyLow",
      "highMaps": "italyHigh"
    },
    {
      "name": "Japan",
      "lowMaps": "japanLow",
      "highMaps": "japanHigh"
    },
    {
      "name": "Kazakhstan",
      "lowMaps": "kazakhstanLow",
      "highMaps": "kazakhstanHigh"
    },
    {
      "name": "Kosovo",
      "lowMaps": "kosovoLow",
      "highMaps": "kosovoHigh"
    },
    {
      "name": "Kyrgyzstan",
      "lowMaps": "kyrgyzstanLow",
      "highMaps": "kyrgyzstanHigh"
    },
    {
      "name": "Kuwait",
      "lowMaps": "kuwaitLow",
      "highMaps": "kuwaitHigh"
    },
    {
      "name": "Kuwait State",
      "lowMaps": "kuwaitStateLow",
      "highMaps": "kuwaitStateLow"
    },
    {
      "name": "Latvia",
      "lowMaps": "latviaLow",
      "highMaps": "latviaHigh"
    },
    {
      "name": "Liechtenstein",
      "lowMaps": "liechtensteinLow",
      "highMaps": "liechtensteinHigh"
    },
    {
      "name": "Lithuania",
      "lowMaps": "lithuaniaLow",
      "highMaps": "lithuaniaHigh"
    },
    {
      "name": "Malaysia",
      "lowMaps": "malaysiaLow",
      "highMaps": "malaysiaHigh"
    },
    {
      "name": "Maldives",
      "lowMaps": "maldivesLow",
      "highMaps": "maldivesHigh"
    },
    {
      "name": "Maldives Islands",
      "lowMaps": "maldivesIslandsLow",
      "highMaps": "maldivesIslandsHigh"
    },
    {
      "name": "Mali",
      "lowMaps": "maliLow",
      "highMaps": "maliHigh"
    },
    {
      "name": "Malta",
      "lowMaps": "maltaLow",
      "highMaps": "maltaHigh"
    },
    {
      "name": "Mexico",
      "lowMaps": "mexicoLow",
      "highMaps": "mexicoHigh"
    },
    {
      "name": "Moldova",
      "lowMaps": "moldovaLow",
      "highMaps": "moldovaHigh"
    },
    {
      "name": "Mongolia",
      "lowMaps": "mongoliaLow",
      "highMaps": "mongoliaHigh"
    },
    {
      "name": "Morocco",
      "lowMaps": "moroccoLow",
      "highMaps": "moroccoHigh"
    },
    {
      "name": "Namibia",
      "lowMaps": "namibiaLow",
      "highMaps": "namibiaHigh"
    },
    {
      "name": "Nepal",
      "lowMaps": "nepalLow",
      "highMaps": "nepalHigh"
    },
    {
      "name": "Netherlands",
      "lowMaps": "netherlandsLow",
      "highMaps": "netherlandsHigh"
    },
    {
      "name": "NewZealand",
      "lowMaps": "newZealandLow",
      "highMaps": "newZealandHigh"
    },
    {
      "name": "Nicaragua",
      "lowMaps": "nicaraguaLow",
      "highMaps": "nicaraguaHigh"
    },
    {
      "name": "Nigeria",
      "lowMaps": "nigeriaLow",
      "highMaps": "nigeriaHigh"
    },
    {
      "name": "NorthKorea",
      "lowMaps": "northKoreaLow",
      "highMaps": "northKoreaHigh"
    },
    {
      "name": "Norway",
      "lowMaps": "norwayLow",
      "highMaps": "norwayHigh"
    },
    {
      "name": "Oman",
      "lowMaps": "omanLow",
      "highMaps": "omanHigh"
    },
    {
      "name": "Pakistan",
      "lowMaps": "pakistanLow",
      "highMaps": "pakistanHigh"
    },
    {
      "name": "Palestine",
      "lowMaps": "palestineLow",
      "highMaps": "palestineHigh"
    },
    {
      "name": "Panama",
      "lowMaps": "panamaLow",
      "highMaps": "panamaHigh"
    },
    {
      "name": "Peru",
      "lowMaps": "peruLow",
      "highMaps": "peruHigh"
    },
    {
      "name": "Phillippines",
      "lowMaps": "philippinesLow",
      "highMaps": "philippinesHigh"
    },
    {
      "name": "Poland",
      "lowMaps": "polandLow",
      "highMaps": "polandHigh"
    },
    {
      "name": "Portugal",
      "lowMaps": "portugalLow",
      "highMaps": "portugalHigh"
    },
    {
      "name": "Portugal Regions",
      "lowMaps": "portugalRegionsLow",
      "highMaps": "portugalRegionsHigh"
    },
    {
      "name": "Puerto Rico",
      "lowMaps": "puertoRicoLow",
      "highMaps": "puertoRicoHigh"
    },
    {
      "name": "Qatar",
      "lowMaps": "qatarLow",
      "highMaps": "qatarHigh"
    },
    {
      "name": "Romania",
      "lowMaps": "romaniaLow",
      "highMaps": "romaniaHigh"
    },
    {
      "name": "Russia Crimea",
      "lowMaps": "russiaCrimeaLow",
      "highMaps": "russiaCrimeaHigh"
    },
    {
      "name": "Russia",
      "lowMaps": "russiaLow",
      "highMaps": "russiaHigh"
    },
    {
      "name": "SaintHelena",
      "lowMaps": "saintHelenaLow",
      "highMaps": "saintHelenaHigh"
    },
    {
      "name": "SaintLucia",
      "lowMaps": "saintLuciaLow",
      "highMaps": "saintLuciaHigh"
    },
    {
      "name": "SaintVincent",
      "lowMaps": "saintVincentLow",
      "highMaps": "saintVincentHigh"
    },
    {
      "name": "Samoa",
      "lowMaps": "samoaLow",
      "highMaps": "samoaHigh"
    },
    {
      "name": "SanMarino",
      "lowMaps": "sanMarinoLow",
      "highMaps": "sanMarinoHigh"
    },
    {
      "name": "Sao Tome Principe",
      "lowMaps": "saoTomePrincipeLow",
      "highMaps": "saoTomePrincipeHigh"
    },
    {
      "name": "Saudi Arabia",
      "lowMaps": "saudiArabiaLow",
      "highMaps": "saudiArabiaHigh"
    },
    {
      "name": "Senegal",
      "lowMaps": "senegalLow",
      "highMaps": "senegalHigh"
    },
    {
      "name": "Serbia",
      "lowMaps": "serbiaLow",
      "highMaps": "serbiaHigh"
    },
    {
      "name": "Serbia No Kosovo",
      "lowMaps": "serbiaNoKosovoLow",
      "highMaps": "serbiaNoKosovoHigh"
    },
    {
      "name": "Seychelles",
      "lowMaps": "seychellesLow",
      "highMaps": "seychellesHigh"
    },
    {
      "name": "Singapore",
      "lowMaps": "singaporeLow",
      "highMaps": "singaporeHigh"
    },
    {
      "name": "Slovakia",
      "lowMaps": "slovakiaLow",
      "highMaps": "slovakiaHigh"
    },
    {
      "name": "Slovenia",
      "lowMaps": "sloveniaLow",
      "highMaps": "sloveniaHigh"
    },
    {
      "name": "Slovenia Regions",
      "lowMaps": "sloveniaRegionsLow",
      "highMaps": "sloveniaRegionsHigh"
    },
    {
      "name": "Solomon Islands",
      "lowMaps": "solomonIslandsLow",
      "highMaps": "solomonIslandsHigh"
    },
    {
      "name": "Somalia",
      "lowMaps": "somaliaLow",
      "highMaps": "somaliaHigh"
    },
    {
      "name": "South Africa",
      "lowMaps": "southAfricaLow",
      "highMaps": "southAfricaHigh"
    },
    {
      "name": "South Korea",
      "lowMaps": "southKoreaLow",
      "highMaps": "southKoreaHigh"
    },
    {
      "name": "Spain",
      "lowMaps": "spainLow",
      "highMaps": "spainHigh"
    },
    {
      "name": "Spain Provinces",
      "lowMaps": "spainProvincesLow",
      "highMaps": "spainProvincesHigh"
    },
    {
      "name": "SriLanka",
      "lowMaps": "sriLankaLow",
      "highMaps": "sriLankaHigh"
    },
    {
      "name": "St Kitts Nevis",
      "lowMaps": "stKittsNevisLow",
      "highMaps": "stKittsNevisHigh"
    },
    {
      "name": "St Pierre Miquelon",
      "lowMaps": "stPierreMiquelonLow",
      "highMaps": "stPierreMiquelonHigh"
    },
    {
      "name": "Sudan",
      "lowMaps": "sudanLow",
      "highMaps": "sudanHigh"
    },
    {
      "name": "Svalbard",
      "lowMaps": "svalbardLow",
      "highMaps": "svalbardHigh"
    },
    {
      "name": "Sweden",
      "lowMaps": "swedenLow",
      "highMaps": "swedenHigh"
    },
    {
      "name": "Switzerland",
      "lowMaps": "switzerlandLow",
      "highMaps": "switzerlandHigh"
    },
    {
      "name": "Syria",
      "lowMaps": "syriaLow",
      "highMaps": "syriaHigh"
    },
    {
      "name": "Tajikistan",
      "lowMaps": "tajikistanLow",
      "highMaps": "tajikistanHigh"
    },
    {
      "name": "Tanzania",
      "lowMaps": "tanzaniaLow",
      "highMaps": "tanzaniaHigh"
    },
    {
      "name": "Thailand",
      "lowMaps": "thailandLow",
      "highMaps": "thailandHigh"
    },
    {
      "name": "Tunisia",
      "lowMaps": "tunisiaLow",
      "highMaps": "tunisiaHigh"
    },
    {
      "name": "Turkey",
      "lowMaps": "turkeyLow",
      "highMaps": "turkeyHigh"
    },
    {
      "name": "Uae",
      "lowMaps": "uaeLow",
      "highMaps": "uaeHigh"
    },
    {
      "name": "UkCounties",
      "lowMaps": "ukCountiesLow",
      "highMaps": "ukCountiesHigh"
    },
    {
      "name": "UK",
      "lowMaps": "ukLow",
      "highMaps": "ukHigh"
    },
    {
      "name": "Ukraine",
      "lowMaps": "ukraineLow",
      "highMaps": "ukraineHigh"
    },
    {
      "name": "Un Regions ",
      "lowMaps": "unRegionsLow",
      "highMaps": "unRegionsHigh"
    },
    {
      "name": "Usa Albers",
      "lowMaps": "usaAlbersLow",
      "highMaps": "usaAlbersHigh"
    },
    {
      "name": "Usa",
      "lowMaps": "usaLow",
      "highMaps": "usaHigh"
    },
    {
      "name": "Usa Territories 2",
      "lowMaps": "usaTerritories2Low",
      "highMaps": "usaTerritories2High"
    },
    {
      "name": "Usa Territories",
      "lowMaps": "usaTerritoriesLow",
      "highMaps": "usaTerritoriesHigh"
    },
    {
      "name": "Uzbekinstan",
      "lowMaps": "uzbekinstanLow",
      "highMaps": "uzbekinstanHigh"
    },
    {
      "name": "Vatican",
      "lowMaps": "vaticanLow",
      "highMaps": "vaticanHigh"
    },
    {
      "name": "Venezuela",
      "lowMaps": "venezuelaLow",
      "highMaps": "venezuelaHigh"
    },
    {
      "name": "Vietnam",
      "lowMaps": "vietnamLow",
      "highMaps": "vietnamHigh"
    },
    {
      "name": "Yemen ",
      "lowMaps": "yemenLow",
      "highMaps": "yemenHigh"
    },
    {
      "name": "Zambia ",
      "lowMaps": "zambiaLow",
      "highMaps": "zambiaHigh"
    },
    {
      "name": "Zimbabwe",
      "lowMaps": "zimbabweLow",
      "highMaps": "zimbabweHigh"
    }
  ],
  "world": [
    {
      "name": "World",
      "lowMaps": "worldLow",
      "highMaps": "worldHigh",
      "ultraMaps": "worldUltra"
    },
    {
      "name": "World India",
      "lowMaps": "worldIndiaLow",
      "highMaps": "worldIndiaHigh",
      "ultraMaps": "worldIndiaUltra"
    }
  ],
  "other": [
    {
      "name": "France Departments",
      "lowMaps": "franceDepartmentsLow",
      "highMaps": "franceDepartmentsHigh"
    },
    {
      "name": "Georgia South Ossetia",
      "lowMaps": "georgiaSouthOssetiaLow",
      "highMaps": "georgiaSouthOssetiaHigh"
    },
    {
      "name": "Israel Palestine",
      "lowMaps": "israelPalestineLow",
      "highMaps": "israelPalestineHigh"
    },
    {
      "name": "Russia Crimea",
      "lowMaps": "russiaCrimeaLow",
      "highMaps": "russiaCrimeaHigh"
    },
    {
      "name": "Spain Provinces",
      "lowMaps": "spainProvincesLow",
      "highMaps": "spainProvincesHigh"
    },
    {
      "name": "UK Counties",
      "lowMaps": "ukCountiesLow",
      "highMaps": "ukCountiesHigh"
    },
    {
      "name": "UN Regions",
      "lowMaps": "unRegionsLow",
      "highMaps": "unRegionsHigh"
    },
    {
      "name": "USA Albers",
      "lowMaps": "usaAlbersLow",
      "highMaps": "usaAlbersHigh"
    }
  ],
  "import": "assets/json/maps/"
}
