[
    {
        "displayName": "AIV App",
        "apps": [
            {
                "id": 1,
                "name": "Medical Product",
                "tag": "<sample-ng></sample-ng>",
                "jsFiles": [
                    "http://localhost:8080/aiv/apps/sampleNg/sampleNg.js"
                ],
                "cssFiles": [
                    "http://localhost:8080/aiv/apps/sampleNg/style.css"
                ],
                "selector": ["sample-ng"],
                "inputs": ["data"],
                "outputs": []
            },
            {
                "id": 2,
                "name": "Framework",
                "tag": "<framework-vote title='AIV Test'></framework-vote>",
                "jsFiles": [
                    "http://localhost:8080/aiv/apps/Framework/mydream.js"
                ],
                "cssFiles": [
                    "http://localhost:8080/aiv/apps/Framework/styles.css"
                ],
                "selector": [
                    "framework-vote"
                ],
                "inputs": [
                    "data"
                ],
                "outputs": [
                    "like",
                    "dislike"
                ]
            }
        ]
    }
]