{
	"rptdocument":{
		"icon":"assets/images/icons/rptdocument.svg",
		"tooltip":"icons_Rpt_Doc"
	},
	"docx":{
		"icon":"assets/images/icons/docx.svg",
		"tooltip":"icons_Docx"
	},
	"html":{
		"icon":"assets/images/icons/html.svg",
		"tooltip":"icons_Html"
	},
	"pdf":{
		"icon":"assets/images/icons/pdf.svg",
		"tooltip":"icons_Pdf"
	},
	"xls":{
		"icon":"assets/images/icons/xls.svg",
		"tooltip":"icons_Xls"
	},
	"xls_spudsoft":{
		"icon":"assets/images/icons/xlsx.svg",
		"tooltip":"icons_Xls_Spudsoft"
	},
	"xlsx":{
		"icon":"assets/images/icons/xlsx.svg",
		"tooltip":"icons_Xlsx"		
	},
	"ellipses":{
		"icon":"icon-more_vert2",
		"tooltip":"icons_Menu"		
	},
	"audit":{
		"icon":"icon-find_in_page",
		"tooltip":"icons_Audit"		
	},
	"rptdesign":{
		"icon":"assets/images/icons/rptdesign.svg",
		"tooltip":"icons_Rpt_Design"	
	},
	"phtml":{
		"icon":"assets/images/icons/phtml.svg",
		"tooltip":"icons_Phtml"		
	},
	"prptdocument":{
		"icon":"assets/images/icons/prptdocument.svg",
		"tooltip":"icons_Prpt_Doc"		
	},
	"prpt":{
		"icon":"assets/images/icons/prpt.svg",
		"tooltip":"icons_Prpt"		
	},
	"jasper":{
		"icon":"assets/images/icons/jasper.svg",
		"tooltip":"icons_Jasper"		
	},
	"rtf":{
		"icon":"assets/images/icons/rtf.svg",
		"tooltip":"icons_Rtf"		
	},
	"csv":{
		"icon":"assets/images/icons/csv.svg",
		"tooltip":"icons_Csv"		
	},
	"txt":{
		"icon":"assets/images/icons/txt.svg",
		"tooltip":"icons_Txt"		
	},
	"xml":{
		"icon":"assets/images/icons/xml.svg",
		"tooltip":"icons_Xml"		
	},
	"qrun":{
		"icon":"assets/images/icons/qrun.svg",
		"tooltip":"icons_Qrun"		
	},
	"jpg":{
		"icon":"assets/images/icons/jpg.svg",
		"tooltip":"icons_Jpg"		
	},
	"png":{
		"icon":"assets/images/icons/png.svg",
		"tooltip":"icons_Png"		
	},
	"dash":{
		"icon":"assets/images/icons/dash.svg",
		"tooltip":"icons_Dash"		
	},
	"oana":{
		"icon":"assets/images/icons/oana.svg",
		"tooltip":"icons_Oana"		
	},
	"merge":{
		"icon":"assets/images/icons/merge.svg",
		"tooltip":"icons_Merge"		
	},
	"report":{
		"icon":"assets/images/icons/report.svg",
		"tooltip":"icons_Report"		
	},
	"template":{
		"icon":"assets/images/icons/template.svg",
		"tooltip":"icons_Template"		
	},
	"rpttemplate":{
		"icon":"assets/images/icons/rpttemplate.svg",
		"tooltip":"icons_Rpt_Temp"		
	},
	"js":{
		"icon":"assets/images/icons/js.svg",
		"tooltip":"icons_Js"		
	},
	"css":{
		"icon":"assets/images/icons/css.svg",
		"tooltip":"icons_Css"		
	},
	"rptlibrary":{
		"icon":"assets/images/icons/rptlibrary.svg",
		"tooltip":"icons_Rpt_Lib"		
	},
	"connection":{
		"icon":"assets/images/icons/connection.svg",
		"tooltip":"icons_Conn"		
	},
	"etemp":{
		"icon":"assets/images/icons/etemp.svg",
		"tooltip":"icons_Etemp"		
	},
	"ds":{
		"icon":"assets/images/icons/ds.svg",
		"tooltip":"icons_Ds"		
	},
	"cds":{
		"icon":"assets/images/icons/cds.svg",
		"tooltip":"icons_Cds"		
	},
	"map":{
		"icon":"assets/images/icons/map.svg",
		"tooltip":"icons_Map"		
	},
	"lov":{
		"icon":"assets/images/icons/lov.svg",
		"tooltip":"icons_Lov"		
	},
	"ppt":{
		"icon":"assets/images/icons/ppt.svg",
		"tooltip":"icons_Ppt"		
	},
	"pptx":{
		"icon":"assets/images/icons/ppt.svg",
		"tooltip":"icons_Ppt"		
	},
	"stash": {
		"icon": "assets/images/icons/stash.svg",
		"tooltip": "icons_stash"
	},
	"alert":{
	"icon":"assets/images/icons/alert.svg",
		"tooltip":"icons_Alert"	
	},
	"gbr": {
        "icon": "assets/images/icons/gbr.svg",
        "tooltip": "icons_gbr"
	}
}
