[
  {
    "name": "mainHeader_Dashboard",
    "value":"Dashboard",
    "location": "Visualization/GridDashboard",
    "opt":"dashboard",
    "options":"dashboardOption"
  },
  {
    "name": "mainHeader_Reports",
    "value":"Reports",
    "location": "Documents/Reports",
    "opt":"report",
    "options":"reportOption"
  },
  {
    "name": "mainHeader_Merge_Reports",
    "value":"MergeReports",
    "location": "Documents/MergeReports",
    "opt":"mergeReport",
    "options":"mergeReportOption"
  },
  {
    "name": "mainHeader_Report_on_the_fly",
    "value":"ReportOnTheFlyGrid",
    "location": "Documents/GridReportOnTheFly",
    "opt":"flyReport",
    "options":"adhocOption"
  },
  {
    "name": "mainHeader_Adhoc_Reports",
    "value":"AdhocReport",
    "location": "Documents/AdhocReport",
    "opt":"edit",
    "options":"adhocOption"
  },
  {
    "name": "label_adhoc_analysis",
    "value": "AdhocAnalysis",
    "location": "Documents/analysis",
    "opt": "edit",
    "options": "adhocOption"
  },
  {
    "name": "mainHeader_QuickRuns",
    "value":"QuickRun",
    "location": "Documents/QuickRun",
    "opt":"quickRun",
    "options":"quickRunOption"
  },
  {
    "name": "mainHeader_Messages",
    "value":"Messages",
    "location": "Documents/Messages",
    "opt":"message",
    "options":"messageOption"
  },
  {
    "name": "mainHeader_Datasets",
    "value":"Datasets",
    "location": "MasterData/Datasets",
    "opt":"dataset",
    "options":"datasetOption"
  },
  {
    "name": "mainHeader_Parameters",
    "value":"Parameters",
    "location": "MasterData/Parameters",
    "opt":"parameter",
    "options":"parameterOption"
  },
  {
    "name": "mainHeader_Annotations",
    "value":"Annotation",
    "location": "Annotation",
    "opt":"annotation",
    "options":"annotationOption"
  },
  {
    "name": "mainHeader_Notifications",
    "value":"Notifications",
    "location": "Request/Notifications",
    "opt":"notification",
    "options":"notificationOption"
  },
  {
    "name": "mainHeader_Request",
    "value":"Request",
    "location": "Request/Request",
    "opt":"request",
    "options":"requestOption"
  },
  {
    "name": "mainHeader_Repository",
    "value":"Repository",
    "location": "Administration/Repository",
    "opt":"admin",
    "options":"resourceOption"
  },
  {
    "name": "mainHeader_Users",
    "value":"Users",
    "location": "Administration/Users",
    "opt":"admin",
    "options":"adminOption"
  },
  {
    "name": "mainHeader_Roles",
    "value":"Roles",
    "location": "Administration/Roles",
    "opt":"admin",
    "options":"adminOption"
  }
]